alph,α
alph,Α
alpha,α
alpha,Α
appr,≈
approx,≈
bec,∵
because,∵
beta,β
beta,Β
cap,∩
chi,χ
chi,Χ
cup,∪
deg,°
degree,°
delta,δ
delta,Δ
epsi,ε
epsi,Ε
epsilon,ε
epsilon,Ε
eta,η
eta,Η
exi,∃
exists,∃
for,∀
forall,∀
gamm,γ
gamm,Γ
gamma,γ
gamma,Γ
geq,≥
gets,←
iff,⇔
in,∈
inf,∞
infty,∞
kapp,κ
kapp,Κ
kappa,κ
kappa,Κ
lamb,λ
lamb,Λ
lambda,λ
lambda,Λ
leq,≤
lota,ι
lota,Ι
mu,μ
mu,Μ
nab,∇
nabla,∇
neg,¬
neq,≠
nin,∉
notin,∉
nu,ν
nu,Ν
omeg,ω
omeg,Ω
omega,ω
omega,Ω
omic,ο
omic,Ο
omicron,ο
omicron,Ο
para,∥
parallel,∥
perp,⊥
phi,φ
phi,Φ
pi,π
pi,Π
prop,∝
propto,∝
psi,ψ
psi,Ψ
rho,ρ
rho,Ρ
sigm,σ
sigm,Σ
sigma,σ
sigma,Σ
tau,τ
tau,Τ
the,∴
ther,∴
there,∴
therefore,∴
thet,θ
thet,Θ
theta,θ
theta,Θ
times,×
to,→
upsi,υ
upsi,Υ
upsilon,υ
upsilon,Υ
vee,∨
wedg,∧
wedge,∧
xi,ξ
xi,Ξ
zeta,ζ
zeta,Ζ
